0
<Usuario>,	U001,	Diego Palacios,		12/05/18,	[Prouctos]
<Producto>,	Spotify,	Personal,	5.99,	[anual]
<Producto>,	Netflix,	Personal,	9.99,	[anual]
<Producto>,	Amazon Prime,	Personal,	19.99,	[anual]
<Producto>,	Google Drive,	Personal,	6.99,	[anual]
<Producto>,	LPG Virtual,	Personal,	2.99,	[anual]
<Usuario>,	U002,	Yenifer Macal,		17/02/18,	[Prouctos]
<Producto>,	Spotify,	Duo,		5.99,	[anual]
<Producto>,	Netflix,	Personal,	9.99,	[anual]
<Producto>,	Amazon Prime,	Personal,	19.99,	[anual]
<Producto>,	Google Drive,	Personal,	6.99,	[anual]
<Producto>,	LPG Virtual,	Personal,	2.99,	[anual]
<Producto>,	Claro Video,	Personal,	5.99,	[anual]
<Usuario>,	U003,	Andres Perez,		24/05/19,	[Prouctos]
<Producto>,	Spotify,	Familiar,	9.99,	[anual]
<Producto>,	Netflix,	Personal,	9.99,	[anual]
<Producto>,	Amazon Prime,	Personal,	19.99,	[anual]
<Producto>,	Google Drive,	Personal,	6.99,	[anual]
<Producto>,	LPG Virtual,	Personal,	2.99,	[anual]
<Usuario>,	U004,	Maria Mercedez,		17/02/18,	[Prouctos]
<Producto>,	Google Drive,	Personal,	6.99,	[anual]
<Producto>,	LPG Virtual,	Personal,	2.99,	[anual]
<Producto>,	Claro Video,	Personal,	5.99,	[anual]
<Producto>,	Spotify,	Personal,	5.99,	[anual]
<Usuario>,	U005,	Adriana Castillo,	03/01/20,	[Prouctos]
<Producto>,	OneDrive,	Personal,	9.99,	[anual]
<Producto>,	Netflix,	Personal,	9.99,	[anual]
<Producto>,	Spotify,	Personal,	5.99,	[anual]
<Producto>,	DHL Delivery,	Personal,	3.99,	[anual]
<Usuario>,	U006,	Gabriela Carcamo,	08/11/18,	[Prouctos]
<Producto>,	Google Drive,	Personal,	6.99,	[anual]
<Producto>,	LPG Virtual,	Personal,	2.99,	[anual]
<Producto>,	Claro Video,	Personal,	5.99,	[anual]
<Producto>,	Spotify,	Personal,	5.99,	[anual]
<Producto>,	Netflix,	Personal,	9.99,	[anual]
<Usuario>,	U007,	Elizabeth Gonzalez,	04/09/17,	[Prouctos]
<Producto>,	LPG Virtual,	Personal,	2.99,	[anual]
<Producto>,	Netflix,	Personal,	9.99,	[anual]
<Producto>,	Revista Online,	Personal,	1.99,	[anual]
<Producto>,	Spotify,	Personal,	5.99,	[anual]
<Producto>,	DHL Delivery,	Personal,	3.99,	[anual]
<Producto>,	Amazon Prime,	Personal,	19.99,	[anual]
<Usuario>,	U008,	Ernestina Cardona,	04/09/17,	[Prouctos]
<Producto>,	Netflix,	Personal,	9.99,	[anual]
<Producto>,	LPG Virtual,	Personal,	2.99,	[anual]
<Producto>,	Revista Online,	Personal,	1.99,	[anual]
<Producto>,	DHL Delivery,	Personal,	3.99,	[anual]
<Producto>,	Netflix,	Personal,	9.99,	[anual]
<Usuario>,	U009,	Jose Mancia,		04/09/17,	[Prouctos]
<Producto>,	Spotify,	Personal,	5.99,	[anual]
<Producto>,	Netflix,	Personal,	9.99,	[anual]
<Producto>,	Amazon Prime,	Personal,	19.99,	[anual]
<Producto>,	Revista Online,	Personal,	1.99,	[anual]
<Producto>,	DHL Delivery,	Personal,	3.99,	[anual]
<Producto>,	LPG Virtual,	Personal,	2.99,	[anual]
<Usuario>,	U010,	Eduardo Chavez,		04/09/17,	[Prouctos]
<Producto>,	Revista Online,	Personal,	1.99,	[anual]
<Producto>,	DHL Delivery,	Personal,	3.99,	[anual]
<Producto>,	Netflix,	Personal,	9.99,	[anual]
<Producto>,	Amazon Prime,	Personal,	19.99,	[anual]
<Producto>,	Spotify,	Personal,	5.99,	[anual]
<Usuario>,	U011,	Perla Mendoza,		04/09/17,	[Prouctos]
<Producto>,	OneDrive,	Personal,	9.99,	[anual]
<Producto>,	DHL Delivery,	Personal,	3.99,	[anual]
<Producto>,	Spotify,	Personal,	5.99,	[anual]
<Producto>,	Netflix,	Personal,	9.99,	[anual]