<?xml version="1.0" encoding="UTF-8"?>
<project-private xmlns="http://www.netbeans.org/ns/project-private/1">
    <editor-bookmarks xmlns="http://www.netbeans.org/ns/editor-bookmarks/2" lastBookmarkId="0"/>
    <open-files xmlns="http://www.netbeans.org/ns/projectui-open-files/2">
        <group>
            <file>file:/C:/Users/palac/OneDrive/Escritorio/Parcial%202%20MED/med_Parcial2/src/formularios/frmPrincipal.java</file>
            <file>file:/C:/Users/palac/OneDrive/Escritorio/Parcial%202%20MED/med_Parcial2/src/entidades/user.java</file>
            <file>file:/C:/Users/palac/OneDrive/Escritorio/Parcial%202%20MED/med_Parcial2/src/entidades/subcriptions.java</file>
        </group>
    </open-files>
</project-private>
